Workbook

Sheet Customers
A1: CustomerID | B1: CustomerName | C1: Gender | D1: City | E1: SignupDate | F1: Email
A2: 1 | B2: Aarav Khan | C2: Male | D2: Delhi | E2: 2022-08-17 | F2: aarav.khan18@yahoo.com
A3: 2 | B3: Ishaan Patel | C3: Male | D3: Pune | E3: 2023-03-09 | F3: ishaan.patel5@gmail.com
A4: 3 | B4: Arjun Gupta | C4: Male | D4: Pune | E4: 2023-09-09 | F4: arjun.gupta4@yahoo.com
A5: 4 | B5: Ishaan Nair | C5: Male | D5: Delhi | E5: 2023-04-05 | F5: ishaan.nair76@outlook.com
A6: 5 | B6: Aditya Nair | C6: Male | D6: Bangalore | E6: 2022-10-12 | F6: aditya.nair20@gmail.com
A7: 6 | B7: Diya Patel | C7: Female | D7: Hyderabad | E7: 2022-04-10 | F7: diya.patel46@outlook.com
A8: 7 | B8: Ananya Reddy | C8: Female | D8: Pune | E8: 2022-05-08 | F8: ananya.reddy49@gmail.com
A9: 8 | B9: Neha Iyer | C9: Female | D9: Pune | E9: 2022-07-16 | F9: neha.iyer91@gmail.com
A10: 9 | B10: Arjun Khan | C10: Male | D10: Mumbai | E10: 2022-08-27 | F10: arjun.khan13@outlook.com
A11: 10 | B11: Sara Iyer | C11: Female | D11: Delhi | E11: 2023-01-15 | F11: sara.iyer46@gmail.com
A12: 11 | B12: Diya Joshi | C12: Female | D12: Chennai | E12: 2022-06-25 | F12: diya.joshi69@yahoo.com
A13: 12 | B13: Aditya Reddy | C13: Male | D13: Hyderabad | E13: 2022-10-04 | F13: aditya.reddy82@yahoo.com
... A1201: 1200 | B1201: Rohan Iyer | C1201: Male | D1201: Kolkata | E1201: 2023-08-21 | F1201: rohan.iyer4@yahoo.com

Sheet Products
A1: ProductID | B1: ProductName | C1: Category | D1: Price
A2: 1 | B2: Jacket | C2: Clothing | D2: 469.08
A3: 2 | B3: Air Fryer | C3: Home | D3: 427.27
A4: 3 | B4: Yoga Pants | C4: Clothing | D4: 506.08
A5: 4 | B5: Samsung Galaxy S22 | C5: Electronics | D5: 800.26
A6: 5 | B6: Women Dress | C6: Clothing | D6: 296.85
A7: 6 | B7: Sneakers | C7: Clothing | D7: 719.19
A8: 7 | B8: Body Lotion | C8: Beauty | D8: 97.29
A9: 8 | B9: Sneakers | C9: Clothing | D9: 155.08
A10: 9 | B10: Bluetooth Speaker | C10: Electronics | D10: 43.26
A11: 10 | B11: Jacket | C11: Clothing | D11: 64.11
A12: 11 | B12: Shampoo | C12: Beauty | D12: 1038.77
A13: 12 | B13: Face Cream | C13: Beauty | D13: 627.42
... A81: 80 | B81: Hair Dryer | C81: Beauty | D81: 1014.45

Sheet Orders
A1: OrderID | B1: CustomerID | C1: ProductID | D1: OrderDate | E1: OrderYear | F1: OrderMonth | G1: Quantity | H1: ProductPrice | I1: Discount | J1: Revenue | K1: PaymentMethod | L1: Category
A2: 1 | B2: 1 | C2: 17 | D2: 2024-05-10 | E2: =YEAR(D2) -> 2024 | F2: =TEXT(D2,"mmm") -> May | G2: 3 | H2: =_xlfn.XLOOKUP(C2,Products!A:A,Products!D:D) -> 695.6 | I2: 0 | J2: =G2*H2*(1-I2/100) -> 2086.8 | K2: Wallet | L2: =_xlfn.XLOOKUP(Orders[[#This Row],[ProductID]],Products!A:A,Products!C:C) -> Clothing
A3: 2 | B3: 2 | C3: 23 | D3: 2023-05-14 | E3: =YEAR(D3) -> 2023 | F3: =TEXT(D3,"mmm") -> May | G3: 1 | H3: =_xlfn.XLOOKUP(C3,Products!A:A,Products!D:D) -> 258.08 | I3: 20 | J3: =G3*H3*(1-I3/100) -> 206.464 | K3: COD | L3: =_xlfn.XLOOKUP(Orders[[#This Row],[ProductID]],Products!A:A,Products!C:C) -> Home
A4: 3 | B4: 3 | C4: 44 | D4: 2024-03-25 | E4: =YEAR(D4) -> 2024 | F4: =TEXT(D4,"mmm") -> Mar | G4: 2 | H4: =_xlfn.XLOOKUP(C4,Products!A:A,Products!D:D) -> 1038 | I4: 5 | J4: =G4*H4*(1-I4/100) -> 1972.2 | K4: Credit Card | L4: =_xlfn.XLOOKUP(Orders[[#This Row],[ProductID]],Products!A:A,Products!C:C) -> Home
A5: 4 | B5: 4 | C5: 41 | D5: 2023-12-30 | E5: =YEAR(D5) -> 2023 | F5: =TEXT(D5,"mmm") -> Dec | G5: 3 | H5: =_xlfn.XLOOKUP(C5,Products!A:A,Products!D:D) -> 554.81 | I5: 15 | J5: =G5*H5*(1-I5/100) -> 1414.7655 | K5: Debit Card | L5: =_xlfn.XLOOKUP(Orders[[#This Row],[ProductID]],Products!A:A,Products!C:C) -> Home
A6: 5 | B6: 5 | C6: 34 | D6: 2023-03-01 | E6: =YEAR(D6) -> 2023 | F6: =TEXT(D6,"mmm") -> Mar | G6: 2 | H6: =_xlfn.XLOOKUP(C6,Products!A:A,Products!D:D) -> 523.98 | I6: 0 | J6: =G6*H6*(1-I6/100) -> 1047.96 | K6: Debit Card | L6: =_xlfn.XLOOKUP(Orders[[#This Row],[ProductID]],Products!A:A,Products!C:C) -> Home
A7: 6 | B7: 6 | C7: 64 | D7: 2024-03-22 | E7: =YEAR(D7) -> 2024 | F7: =TEXT(D7,"mmm") -> Mar | G7: 2 | H7: =_xlfn.XLOOKUP(C7,Products!A:A,Products!D:D) -> 567.71 | I7: 10 | J7: =G7*H7*(1-I7/100) -> 1021.878 | K7: COD | L7: =_xlfn.XLOOKUP(Orders[[#This Row],[ProductID]],Products!A:A,Products!C:C) -> Clothing
A8: 7 | B8: 7 | C8: 37 | D8: 2024-04-07 | E8: =YEAR(D8) -> 2024 | F8: =TEXT(D8,"mmm") -> Apr | G8: 2 | H8: =_xlfn.XLOOKUP(C8,Products!A:A,Products!D:D) -> 968.87 | I8: 20 | J8: =G8*H8*(1-I8/100) -> 1550.192 | K8: UPI | L8: =_xlfn.XLOOKUP(Orders[[#This Row],[ProductID]],Products!A:A,Products!C:C) -> Home
A9: 8 | B9: 8 | C9: 67 | D9: 2023-06-10 | E9: =YEAR(D9) -> 2023 | F9: =TEXT(D9,"mmm") -> Jun | G9: 2 | H9: =_xlfn.XLOOKUP(C9,Products!A:A,Products!D:D) -> 258.35 | I9: 5 | J9: =G9*H9*(1-I9/100) -> 490.865 | K9: UPI | L9: =_xlfn.XLOOKUP(Orders[[#This Row],[ProductID]],Products!A:A,Products!C:C) -> Electronics
A10: 9 | B10: 9 | C10: 63 | D10: 2024-01-27 | E10: =YEAR(D10) -> 2024 | F10: =TEXT(D10,"mmm") -> Jan | G10: 1 | H10: =_xlfn.XLOOKUP(C10,Products!A:A,Products!D:D) -> 309.79 | I10: 20 | J10: =G10*H10*(1-I10/100) -> 247.832 | K10: COD | L10: =_xlfn.XLOOKUP(Orders[[#This Row],[ProductID]],Products!A:A,Products!C:C) -> Electronics
A11: 10 | B11: 10 | C11: 7 | D11: 2023-04-07 | E11: =YEAR(D11) -> 2023 | F11: =TEXT(D11,"mmm") -> Apr | G11: 1 | H11: =_xlfn.XLOOKUP(C11,Products!A:A,Products!D:D) -> 97.29 | I11: 0 | J11: =G11*H11*(1-I11/100) -> 97.29 | K11: Debit Card | L11: =_xlfn.XLOOKUP(Orders[[#This Row],[ProductID]],Products!A:A,Products!C:C) -> Beauty
A12: 11 | B12: 11 | C12: 24 | D12: 2023-01-19 | E12: =YEAR(D12) -> 2023 | F12: =TEXT(D12,"mmm") -> Jan | G12: 2 | H12: =_xlfn.XLOOKUP(C12,Products!A:A,Products!D:D) -> 1019.85 | I12: 10 | J12: =G12*H12*(1-I12/100) -> 1835.73 | K12: Debit Card | L12: =_xlfn.XLOOKUP(Orders[[#This Row],[ProductID]],Products!A:A,Products!C:C) -> Beauty
A13: 12 | B13: 12 | C13: 60 | D13: 2023-08-12 | E13: =YEAR(D13) -> 2023 | F13: =TEXT(D13,"mmm") -> Aug | G13: 1 | H13: =_xlfn.XLOOKUP(C13,Products!A:A,Products!D:D) -> 830.49 | I13: 15 | J13: =G13*H13*(1-I13/100) -> 705.9165 | K13: Credit Card | L13: =_xlfn.XLOOKUP(Orders[[#This Row],[ProductID]],Products!A:A,Products!C:C) -> Clothing
... A2080: 2079 | B2080: 1200 | C2080: 16 | D2080: 2024-04-21 | E2080: =YEAR(D2080) -> 2024 | F2080: =TEXT(D2080,"mmm") -> Apr | G2080: 3 | H2080: =_xlfn.XLOOKUP(C2080,Products!A:A,Products!D:D) -> 693.02 | I2080: 20 | J2080: =G2080*H2080*(1-I2080/100) -> 1663.248 | K2080: Wallet | L2080: =_xlfn.XLOOKUP(Orders[[#This Row],[ProductID]],Products!A:A,Products!C:C) -> Home

Sheet Marketing
A1: CampaignID | B1: Channel | C1: Spend | D1: CampaignDate
A2: 1 | B2: Instagram Ads | C2: 6748.37 | D2: 2023-12-30
A3: 2 | B3: Email Campaign | C3: 18016.2 | D3: 2023-12-02 | F3: Total Marketing Spend | G3: =SUM(Marketing[Spend]) -> 1147238
A4: 3 | B4: Instagram Ads | C4: 7919.98 | D4: 2023-07-20
A5: 4 | B5: Email Campaign | C5: 7556.63 | D5: 2023-01-26
A6: 5 | B6: Google Ads | C6: 16981.31 | D6: 2024-02-16
A7: 6 | B7: Influencer | C7: 8401.62 | D7: 2024-02-21
A8: 7 | B8: Influencer | C8: 9806.57 | D8: 2024-05-09
A9: 8 | B9: Google Ads | C9: 15890.77 | D9: 2024-03-17
A10: 9 | B10: Google Ads | C10: 9542.63 | D10: 2024-02-22
A11: 10 | B11: Influencer | C11: 15160.34 | D11: 2023-12-29
A12: 11 | B12: YouTube Ads | C12: 13509.69 | D12: 2024-05-05
A13: 12 | B13: Email Campaign | C13: 17494.54 | D13: 2023-04-05
A14: 13 | B14: Google Ads | C14: 17514.31 | D14: 2023-03-26
A15: 14 | B15: Google Ads | C15: 8900.22 | D15: 2023-09-07
... A101: 100 | B101: YouTube Ads | C101: 17145 | D101: 2023-02-08

Sheet Metrics
A2: Total Revenue | B2: =SUM(Orders[Revenue]) -> 2302133.9
A4: Total Orders | B4: =COUNT(Orders[OrderID]) -> 2079
D5: Customers with 1 orders | E5: 779
A6: Average Order Value (AOV) | B6: =B2/B4 -> 1107.3275 | D6: Customers with 2+ orders | E6: 419
A8: Repeat Customers | B8: 419 | D8: Total Customers | E8: 1200
A10: Customer Retention Rate | B10: 0.34916667
A12: Customer Lifetime Value (CLV) | B12: =B2/E8 -> 1918.4449
A14: Total Marketing Spend | B14: 1147238
A16: ROI | B16: =(B2-B14)/B14 -> 1.0066751

Sheet Pivot1
A3: Row Labels | B3: Sum of Revenue
A4: Home | B4: 700465.27
A5: Clothing | B5: 640312.72
A6: Beauty | B6: 490593.35
A7: Electronics | B7: 470762.58
A8: Grand Total | B8: 2302133.9

Sheet Pivot2
A3: Row Labels | B3: Sum of Revenue
A4: Jan | B4: 246235.14
A5: Feb | B5: 254496.64
A6: Mar | B6: 307982.14
A7: Apr | B7: 263117.45
A8: May | B8: 239784.85
A9: Jun | B9: 144005.93
A10: Jul | B10: 151472.22
A11: Aug | B11: 137549.85
A12: Sep | B12: 145019.65
A13: Oct | B13: 157066.47
A14: Nov | B14: 108722.85
A15: Dec | B15: 146680.71
A16: Grand Total | B16: 2302133.9

Sheet Pivot3
A3: Row Labels | B3: Count of OrderID | D3: Customers with 1 orders | E3: 779
A4: 1 | B4: 1 | D4: Customers with 2+ orders | E4: 419
A5: 2 | B5: 1 | D5: Total Customers | E5: 1200
A6: 3 | B6: 1
A7: 4 | B7: 1 | D7: Customer Retention Rate | E7: =E4/E5 -> 0.34916667
A8: 5 | B8: 1
A9: 6 | B9: 1
A10: 7 | B10: 1
A11: 8 | B11: 1
A12: 9 | B12: 1
A13: 10 | B13: 1
A14: 11 | B14: 1
A15: 12 | B15: 1
A16: 13 | B16: 1
A17: 14 | B17: 1
A18: 15 | B18: 1
A19: 16 | B19: 1
... A1203: 1200 | B1203: 7
A1204: Grand Total | B1204: 2079

Sheet Pivot4
A3: Row Labels | B3: Sum of Revenue
A4: 1178 | B4: 14657.945
A5: 1166 | B5: 12545.838
A6: 1196 | B6: 11620.192
A7: 1156 | B7: 11393.851
A8: 1170 | B8: 10726.26
A9: 1169 | B9: 10488.72
A10: 1180 | B10: 9921.279
A11: 1182 | B11: 9317.8355
A12: 1193 | B12: 9314.6925
A13: 1148 | B13: 9235.0735
A14: 1185 | B14: 9093.514
A15: 1189 | B15: 8943.984
... A1203: 357 | B1203: 34.608
A1204: Grand Total | B1204: 2302133.9

Sheet Pivot5
A3: Row Labels | B3: Sum of Spend
A4: Email Campaign | B4: 251272.35
A5: Google Ads | B5: 249366.09
A6: Influencer | B6: 244776.57
A7: YouTube Ads | B7: 243503.49
A8: Instagram Ads | B8: 158319.47
A9: Grand Total | B9: 1147238
